4.295991216801128054e+00,1.706312873675240427e+00
4.226385770520716179e+00,1.176680225081868231e-01
1.862068803776320447e+00,-1.117486734073394938e+00
2.655267826469631665e-01,-8.109710847431020886e-01
-6.532018860217752021e+00,-1.881236545435485408e-01
-3.505124193495925855e+00,2.111913380423417752e-01
1.389607439365814656e+00,3.421708963662006830e-01
-5.946976877362248004e+00,-5.149183075312050439e-01
5.547559932563336460e+00,8.871472194694419999e-02
6.286811715096798925e-02,-5.229201282992982369e-01
1.256229605777843261e+00,-1.340868812703412738e+00
-1.099646469743019050e+00,-3.113492040216191969e-01
-3.034501228463353240e+00,-1.399145075416832751e-01
4.184341021297055541e-01,6.563957806475938239e-02
-5.409453695556198483e+00,9.230355132629407267e-02
-5.229230234002519850e+00,5.976547645180280144e-01
2.443908125852912949e+00,-7.014501201610083836e-01
6.033549369833150600e+00,-5.932952640926969501e-01
9.309936008054033874e-01,-1.134670326830867992e+00
-2.655784919684021084e+00,6.730674523030613643e-02
2.874153054407548424e+00,-4.638901606657664517e-02
1.356158205088889623e+00,-1.507359767833184261e+00
7.923317028125520523e+00,6.091066520806954765e-01
-4.754364622589848821e+00,7.436560549931464648e-01
-5.500986297517906465e+00,-2.673950201294340023e-01
-1.723611946872811274e+00,-1.747843654136200797e-01
-5.492189841888744262e+00,5.188694136664989687e-01
6.386516677126334862e+00,6.553535439132678331e-01
1.843988288417347521e+00,8.589987037792142788e-01
-2.264223806090903235e+00,4.396843613779168880e-01
-7.931266327700384755e-01,3.888280999381882874e-01
2.293246487375978138e+00,4.744069530004865753e-01
1.558392657673491888e+00,9.250387311733407891e-01
3.616865725507321550e+00,-3.321901490933518164e-01
-1.138826991559090507e+00,7.574294803310998025e-01
-2.527418264912995038e-01,-1.126853941241810153e+00
1.995707940282105852e+00,-3.423361240457620247e-02
6.733763625990921931e+00,-2.676965484150140018e-01
-1.981994505377649762e+00,-2.530102798474992976e-01
-7.096300441313173613e-01,3.344894664479821089e-01
-7.062646668929801308e+00,1.228707658943135606e+00
-2.594173869318574077e+00,-5.560326945151935867e-03
3.381298985285176695e+00,-5.649937042494274086e-01
1.575076926753008921e+00,-1.205244083580850889e+00
-2.799691338768524940e+00,4.337251076398343508e-02
-7.309254587356468491e-01,9.620898819721505069e-01
2.901972934644560242e-02,-1.054289977668330547e+00
6.322084000435594042e+00,-6.933171834946757484e-01
-2.297987576578135904e+00,3.415496553512634703e-01
-8.931885088436093412e-01,5.929066313711145453e-01
-8.204803142415984851e+00,-6.064849562785128434e-01
-2.256267115849678540e+00,-8.564554167285439723e-01
1.553228549891439325e+00,-2.589808329238906248e-01
-7.359435211400669807e+00,-4.993696366334894887e-01
8.848640014635815731e+00,6.273541177411554592e-01
-3.237942427305751991e+00,-1.164207691095520358e+00
-1.517021490448280163e+00,-8.036150685806943139e-01
-8.005114360650146255e-01,3.856524662979178841e-01
1.562923933719229386e-01,-1.892698086386189749e-01
2.941363955546906439e+00,1.247909346661486493e-02
2.269521243316365400e+00,1.411425040283366961e-01
-5.104898681650464454e+00,8.683848797898808813e-01
7.763576901704481337e+00,-4.563132596678087793e-01
4.595525232012355410e+00,8.419115029611617951e-01
3.433606032133498687e+00,-8.631008374366117009e-01
4.575702463671775355e+00,-4.493249937899260193e-01
-5.644718853373798417e+00,1.428581887358906233e-01
-3.974909448566038339e+00,5.385557640466921425e-01
-6.379111215182335926e+00,-6.098100388522904591e-01
-2.922072059367544217e+00,1.326752704089988910e+00
-4.490496951213735599e+00,-3.850196540896131392e-01
3.774354553820946201e+00,3.659114710617342170e-01
1.265465260523111368e+00,1.309698076012670298e-01
2.911965820642733682e+00,-1.265532197245039792e-01
4.817380513127471175e+00,1.842576312366495661e-01
5.776746553000555728e+00,-9.448046437860732616e-02
6.090845151320819717e+00,2.555835577255198277e-01
-2.572238338036947791e+00,1.825252541258057248e-01
2.341761143454508254e+00,3.110775780337213248e-01
-7.823151354204543217e+00,9.641652370691417007e-01
-4.136235870746054033e+00,3.487803067582927463e-01
-2.463707394525834093e+00,-1.533612676452819512e+00
1.442380754312464264e+00,-3.680331839248528469e-01
4.544155220818338670e+00,7.180804634809891951e-01
-5.218457052781563910e+00,2.284642438485890714e-01
1.191845357506791103e+00,-7.235199023615385139e-01
-1.915465091645458084e+00,9.377718623126830577e-01
-8.303649932053536187e-01,-1.022162405770908666e+00
-1.770860145423643894e-01,-8.038544479836977619e-01
6.296978439430076513e+00,1.554012154936029066e+00
-6.935518419380536093e-02,3.907321626626062971e-01
2.268669876380090322e+00,1.017252580505580317e+00
-5.488918392612392338e+00,-1.154677208540472177e+00
3.788485584209781099e+00,4.625343125033678504e-01
-1.915377353481267364e-01,-1.968078777349224762e+00
5.077260622652127076e+00,-8.636264688604414208e-02
-1.040018085721772678e+00,5.390280513298597448e-02
-4.977390687952852666e+00,-3.311663636808090949e-01
-2.847465653595770974e+00,3.276553362789751400e-01
5.985433405206397772e+00,-1.268768002598265277e+00
8.670946292422884172e-01,-8.090730514653340366e-01
-1.822530871393309937e+00,8.334883345235964969e-01
7.105228366098228499e+00,5.798573769132582267e-01
-5.706872643571235137e+00,-9.890586908022661605e-01
-3.239732898648477466e+00,5.627078654256937318e-01
-4.641615536346993309e+00,-8.287411672286599806e-01
-3.258241858965056803e+00,5.575855536489242592e-01
-2.697530996543294535e+00,-1.013112496840783971e-01
-6.766941368119272493e-01,5.197624078373905832e-01
-4.896830681290528453e+00,-2.825255667584193886e-01
4.336407929298861319e+00,-3.278006786094087577e-01
7.581472030397390371e-01,6.363217964936469517e-01
3.109093630785428886e+00,2.101345701902192165e+00
-2.709299870764724005e+00,5.168506128018619528e-01
-2.429636967984866835e+00,-8.785233770291701605e-01
2.009263415990564461e+00,5.409762018238758463e-01
-1.974497526736180175e+00,5.242117223468486520e-01
6.811246388585603384e-01,-5.508434560984418193e-02
3.046985922322311691e-01,-4.793303862402404358e-01
-4.006611129343907507e+00,4.680023148466417315e-01
8.704363349805422700e+00,9.198408753866290644e-01
9.863026904309993625e+00,4.295087751540214160e-01
-2.278104697311488902e+00,-5.072705717959415939e-01
3.456237168635658552e+00,1.220797774141220593e+00
1.006268223863031963e+01,-5.694034317496462494e-01
2.725275341704803012e+00,5.327273461526620818e-02
-1.540230550876626303e+00,-9.485606949969482837e-01
-2.914934702445361570e+00,-7.913363166248831015e-02
-4.443314682725381992e+00,1.561265913277169348e+00
6.933482501310886947e-01,9.034621315313513534e-01
1.787452169783098066e+00,-1.941867042455901693e+00
-3.079347845945282991e+00,-3.882006112884917592e-01
-8.874216091189717215e-01,-2.553143585100691171e-01
2.767756881586848294e+00,4.407593976914483958e-02
-1.046369223479419297e+00,-2.011560819906482722e-01
1.359067623713605677e-01,-3.360312709104902595e-02
-1.389535201566310052e+00,2.624482772201053860e-01
3.815448569601187945e+00,1.512517693991804135e+00
-2.557724197134321198e+00,3.582448530958415867e-01
-6.643017945899861054e+00,-6.079748977158552226e-01
-3.342767618136218477e+00,6.686532445102180144e-01
-4.390628512308312636e+00,1.567638994865062418e+00
-6.195478676331335199e-01,-5.692289331296402910e-01
1.217139931440728073e+00,-1.528822991737897874e-01
-8.374365567384465692e+00,-1.776851451768695841e-02
-5.749061141144996334e+00,-3.305008200900549226e-02
2.985943847763135928e+00,-3.104118145910697013e-01
9.620837750746407124e-01,-1.222917280115789485e+00
-1.239624299762370319e+00,-3.057694976848002733e-01
-6.457772139187027971e-01,2.998558011661479616e-01
4.503931205389870018e-01,4.604952068190066861e-01
-1.373991950089952230e+00,1.146799724167331780e+00
-3.319391017746545547e+00,-5.888004045846911838e-01
8.941961015164913817e+00,5.952652207506758941e-01
-4.525477379363415098e-01,-3.815148463732034312e-01
-8.696162990734780607e+00,-1.835191291393372559e+00
-2.162225626354698615e+00,8.102201094986662966e-01
4.513110573292760996e+00,-1.118678433277519035e+00
-4.058155141357883799e+00,-3.205420174731699740e-02
-1.334088015174345276e+00,4.701040962758049613e-01
1.714021559627880276e+00,-3.673729493150246217e-01
8.195517169764629628e+00,-2.562836877927863188e-01
-2.127270408950861225e-01,1.184707164432942106e+00
-8.121548401440030762e-01,-2.577453836437213486e-01
3.585362224377474316e+00,-5.435838580651954077e-02
-5.260282131875496425e+00,5.456078178125780553e-01
3.018211817676600628e+00,1.299194179216104916e-01
8.261455451103506320e+00,-4.223309965831547053e-01
3.768280113365955142e+00,-5.951954171516469216e-01
3.149252604210771800e+00,4.062711500427103051e-01
3.652973701147273822e+00,-9.702821316758072356e-01
-1.905488456891059612e-01,7.100639141301304802e-01
6.368310871682676400e-01,2.787919656339022945e-01
-8.290887050012782922e+00,-3.700216197243650917e-01
2.231406441856072842e+00,7.109186057848176921e-01
-1.630679526850651762e+00,1.364337536989864264e+00
-2.419066610991998101e-01,1.160887594568161402e-01
-3.585434410599585231e+00,-1.030833796376410261e+00
-1.450992565484139796e+00,5.384699456918717875e-01
2.077973107582198775e+00,-1.330057027214827381e-01
-5.159331727935973610e+00,4.737534053241428400e-01
-1.123292240056406932e+00,-1.025912206559472517e-01
1.998939070021806375e+00,-6.187469329220051106e-01
1.575894337635492137e+00,5.519091108280024111e-02
-1.214823586628171359e+00,1.348215723821805767e+00
-4.727376862980239292e-01,-9.828888448287091961e-01
-1.067081876690808073e+01,-5.744380782190116053e-01
-1.326736232922191450e+00,-7.596825467102868989e-01
-1.366301071902456199e+00,5.575775135416762701e-02
5.224898234708000855e-01,4.511806092602473339e-01
-3.527184356861056691e-01,3.043596770560386524e-04
-1.769141999683031985e+00,-3.096644183280113372e-01
-3.299017589112784421e+00,-4.275534972007104251e-03
-8.136318383422654676e+00,-5.253245959927848041e-01
2.635809129669054229e+00,-7.663587786546396941e-02
1.493894142887242316e+00,-2.704734735926404010e-01
-8.287891589571694695e+00,9.522633421217324701e-01
1.005299647169070054e+00,-1.011597861479782257e+00
1.088059692194384587e+00,-1.652514879945725657e+00
-1.042950035891371696e+00,4.517180626828035117e-01
-3.053716218489823178e-02,2.344616437220398697e-01
3.259824914242345439e+00,2.692080242029512016e-01
-2.065427228337824772e+00,-4.502566528090858333e-01
1.299767167976069615e+00,-5.524828410126070288e-01
5.074093571676111303e+00,-7.652500393941299994e-02
1.686978601228321661e-01,-2.987647681204268491e-01
-3.688301029290461663e+00,2.752619578692221958e-01
3.406186264255078311e-01,-1.167855214665571406e+00
1.818723297074575029e+00,-1.307633908386988120e+00
-4.256859565063140671e+00,2.520755309917249720e-01
-3.401412612211938621e-03,-1.553187169059059292e-01
-2.886681652612284488e+00,1.178903195499355627e-01
-5.461646849521219593e+00,1.826161847283039430e+00
-2.791287018403693754e+00,-2.459312174341984070e-01
-1.679500873588549714e+00,1.221246122980912618e+00
7.116247821330737855e-01,-8.782469008952202838e-01
1.438420269493462467e+00,-7.818094074295385276e-01
-9.548065969600546543e-01,3.876093006484284675e-01
3.955359197562958951e+00,-6.571250736508241763e-01
1.330814581106420036e+00,-6.589986662575600951e-01
1.953250665717742862e+00,5.234819682155882337e-01
7.929250502442008575e+00,-4.850524259802383997e-01
-1.136828937196066258e+00,-5.455901017528597130e-01
-1.290629637407460395e+00,5.004568217069328417e-01
-3.344641695488977717e+00,-1.187082272249385451e+00
3.284384244056340663e+00,1.096477184120018489e+00
-6.693507424186531107e-01,1.750349859931441543e-01
3.918536375693438156e+00,2.776642056942251191e-01
1.244904597981907779e+00,5.636165608194596555e-01
5.646839861668712102e-01,-1.007615185896870935e+00
2.739297241626403867e+00,8.188541255261627683e-01
-9.838447439777665338e+00,9.771650095883661902e-02
8.673873861474199476e-01,1.641448755306742779e-01
1.082039656225088819e+01,7.599410938778469182e-01
4.277322805586476484e+00,8.964558330968338540e-01
-8.622317871309164161e-01,-5.126492413840499224e-02
-4.097617886869764803e+00,-3.660538653608617077e-01
8.410710268629026931e-01,8.839064437594359447e-01
-2.021054689838358565e-01,-7.596269955462734425e-01
3.998792892155136336e+00,-2.990027431868589880e-01
9.658937987865905406e-01,1.685532936337902354e+00
-6.439550647348092127e+00,-7.548317373145019271e-01
-1.279493947155967148e-01,-9.515869809800601153e-01
2.012405046136487741e+00,3.017005362670108215e-01
-2.635731755646121055e+00,-3.829842310622493251e-01
-1.425314613800409580e+00,2.478932486353942755e-01
-1.027054041810896434e+00,6.576906384814630302e-01
-7.666717161081715304e+00,-1.096719845585901965e+00
-4.730744409466485223e+00,-1.870205042376318905e-01
1.009041250941150913e+01,1.514048040927250094e+00
-9.373696183026808626e+00,1.259103298648537317e-01
3.824591471241394203e+00,1.567888994201223962e+00
3.928228454673937442e+00,-9.250208900706079485e-01
5.339623841604440591e-01,-1.480055153048644712e-01
-6.284018717478968341e+00,-6.274719634275230939e-01
-4.133752010156981349e+00,3.337949097369218854e-01
-3.442361017591610284e-01,6.927323105437502848e-01
-8.469147041941992304e-01,-3.194992355078721258e-02
3.760485878585797526e+00,-3.672361301525886579e-01
-5.751156695892186699e-01,8.428870913628832007e-01
-6.865676160659473837e+00,7.683145397159848455e-01
7.781152765093899415e-01,-3.019863519213482062e-01
-1.353644796946832374e+00,-4.493793429730414957e-01
-1.628722567611047278e+00,-3.983052592803902892e-01
1.410898138849971506e+00,-6.497055030296918776e-01
2.327348505126357381e+00,-2.859986842505506943e-01
4.341975396163378353e-01,-9.260119905143173735e-01
3.176751955495090485e+00,-5.988117267790601383e-01
2.877195815376276666e+00,8.529535458611088306e-01
-5.427851260687065249e+00,7.353563332706107847e-01
-2.776352372804326674e+00,1.006851045263567647e-02
-3.663813339225488797e+00,-9.831676450949082824e-01
2.736028345966464936e+00,3.605586431154694793e-01
1.046844503464389842e+00,-1.194213068252446691e-01
-6.224020304728388631e+00,3.399525770767318211e-01
2.899500096430720930e+00,9.546233572764609709e-01
-1.089628213586294248e+00,-5.617666080399590367e-01
-3.459185995437243921e+00,-4.077966824054790607e-01
-8.777104605169601115e+00,-1.239555618184661645e+00
2.831276552526076351e-01,1.188698269486241577e+00
4.098520914378952718e+00,8.591782866380414108e-01
-7.861884576114204215e+00,2.298214288209728118e-01
1.694464500850110245e+00,1.797572099359867615e-01
3.050666781776121272e+00,-9.423145918966479018e-01
6.140797799088414166e+00,-6.426650526034424216e-01
1.003315062488764342e+00,-6.567074284463152167e-02
1.415105316477776931e+00,5.097078063859075137e-01
-1.394223629938775577e+00,4.675066230053787630e-01
2.165087857618752221e+00,6.400529979595821484e-01
6.345382320583667912e+00,3.358158705791228216e-01
-2.029111233663346336e+00,7.571111463482366188e-01
5.781054727881293154e+00,2.388878751875658790e-01
-2.831334239692257615e+00,-8.246244192811963414e-02
8.728153419514383060e+00,-1.850137026852461508e+00
-1.968179766331718206e+00,-1.607085661552090650e-01
-2.510945271798214584e+00,1.328561980549126886e+00
2.517108128521688304e+00,1.681040114367071681e-01
-6.830656988127273621e+00,7.533410564030023071e-01
5.292446597090637361e+00,-1.653014067355727812e-01
-6.395264965111333577e-01,7.308998750316686444e-02
5.016737618587387537e+00,-8.360913034037685820e-01
-4.471185037083034608e+00,3.722667525616714101e-01
2.642306657285725446e+00,-9.297369803766099006e-01
-3.556137497971106421e-04,-9.861779304988977923e-01
4.261904902561456154e+00,-6.928461749329569708e-01
-5.782544823126441358e+00,1.267057970366415875e-01
7.218916424192747261e-01,-8.700133473602018608e-01
5.135540378721018762e+00,-9.449869536893673594e-02
-8.223336295552082120e+00,3.942524477447125753e-01
-1.502216986394086407e+00,5.681055492292272913e-01
-7.003149543602090743e-01,4.960019061628641590e-01
6.111855190751205313e+00,1.157131462970603764e+00
-1.596863582513129876e+00,-9.940704653833193349e-01
-1.021067838417606399e+00,-3.058640658455270556e-01
-2.578169463285656104e-01,1.038863761109432682e+00
6.825167679988065395e+00,-9.925029677533381278e-01
-3.114622141367538788e+00,-1.449376656988995427e+00
-2.532911174914379782e+00,3.046048418553076731e-01
-9.827433624928159972e+00,2.867768166382047568e-01
-5.049204056296463961e+00,-1.253385457687397730e+00
2.554848104943189480e+00,-2.590164201314185816e-02
6.910542782075332902e+00,-3.833216639071183041e-01
3.451717509454014787e-01,1.975782154654818212e+00
-3.719495096556417746e+00,-7.777212350223413617e-01
2.881996842806048065e+00,6.532374934803016897e-01
-5.844390219128802189e-01,4.185779383038182311e-01
1.751749529223228796e+00,-1.160276113572543955e-01
-6.312990544804477189e+00,-7.119096688229952230e-01
-4.476442468065454372e-02,6.228326197253079149e-02
4.100912629237021712e+00,-1.663420776155623559e-01
-2.176088343035325501e+00,5.969076476235963824e-01
-5.054579257222211908e+00,1.958896089295786014e-01
-5.398237867925704592e+00,3.585273142131045754e-01
-3.231665040858916704e+00,-3.891424027255686591e-01
-3.777652070772028470e+00,3.892584090929571139e-02
-6.106179759926985362e+00,3.620938745333349695e-01
1.139716662196512909e+00,-2.668605972095397516e-01
-5.777043412594562000e+00,-5.306668442524991036e-01
2.941658926019156794e+00,-9.092624886587769018e-01
6.750474710240120579e+00,1.464857841312701414e-01
-6.213743659571596689e-02,9.836971737218768164e-01
-1.154918426131674458e+01,-1.031771003167423484e-01
-3.037626099048588824e+00,-3.566188265542567515e-01
-1.063794527272681867e+00,1.765174618388575256e-01
-6.311351020759656372e+00,-8.091511028339207767e-01
5.229711524790105592e+00,-1.356975249265156558e-01
6.382983463817509806e-01,9.396067944552233264e-01
-1.777061346489158034e+00,-4.845228854915038519e-01
-1.574416311343384667e+00,7.404003328811600282e-01
-1.148536327763091114e+00,1.178847904013781589e+00
3.800571543066548763e-01,-1.073621981494612618e-02
7.143028911784874424e+00,8.747301440541576101e-01
6.683921889114805559e-01,-2.610606338698709949e-01
5.273399865821789545e-01,4.442297743008568611e-01
-2.124766798208157059e+00,-4.890148960109983456e-01
3.597737659150403999e+00,-7.540205997057822795e-01
7.463108505487511479e+00,5.934279284159996726e-01
-2.980851503806070557e+00,-6.198528796840230282e-01
8.113274538408830949e+00,1.117083730213436349e-01
1.768478813923209936e+00,-8.717243434494209575e-01
3.160122596541877549e+00,-6.675250179574376830e-01
-5.489776918324505983e-01,2.356490409000655192e-02
6.418436448411134698e+00,-2.577897015398206704e-01
1.286024246661207959e+00,-6.824784233023201141e-01
1.325446029400983328e+00,-3.812718470728196363e-01
4.824422241638971265e+00,-4.021270719583980857e-01
-3.212881776175260384e+00,5.921020258394266156e-01
-3.026657238268000150e-01,4.572168224294391181e-01
2.578511155989207548e+00,5.624447818400636345e-01
-2.435377675452622681e-01,-4.260522639484358720e-01
1.329864183639836384e+00,-3.411097223257849587e-01
3.386569955228427853e-01,1.001121640772450139e+00
2.276096816787204880e+00,-1.190418393480396492e-01
4.097756523551839281e-01,1.421150118099874682e+00
2.101963019568225732e+00,-1.546373436667231316e-01
1.905007298975935015e+00,1.632471050183182115e-01
-2.585945335301617298e+00,1.163018899838091258e+00
6.379786352040786923e+00,3.713717081881583448e-01
3.661403282917277568e+00,3.077904067149549450e-01
4.912304288879924208e+00,-1.286503483012731763e+00
-2.487429852983302769e+00,-1.228625383234211305e-01
-5.634497304564080045e-01,-1.320866282358459376e-01
-1.220292748717614728e+00,-1.373737550923890549e-01
2.894363954830343477e+00,1.999167376444648536e-01
-5.922260728035301014e+00,2.933346917213352500e-01
1.590631599674363184e+00,6.919330044189102580e-01
-1.713878080293208539e+00,2.564693265889121387e-01
1.035151094668051996e+01,-4.164188909618612988e-02
-2.599332852976955766e-02,6.797789422491750111e-01
-1.243186404679720347e+01,-1.676712574778826403e-01
3.480957428462036152e+00,2.820161983490283575e-01
4.343866592711506769e+00,1.345117387849696922e-01
-7.419787961245193353e-01,-3.655208644179157307e-02
-3.062978530784628450e+00,-7.640013959210353311e-01
-5.281744537594599276e-01,-1.456405003641799700e+00
-5.693890206873493121e+00,7.055883763733640235e-01
7.581070569018877325e-01,4.377951070799109834e-01
2.475460906726557830e+00,-1.424165795479610974e+00
2.514016514398507596e+00,7.061884147699484249e-01
1.495692094045288467e+00,-5.366910953474123697e-02
-3.669794342570562140e+00,3.284676095218068415e-02
-1.737357199551856413e+00,6.090683536322054614e-01
-1.243553075565168919e+00,-2.945593359251810761e-01
-3.543661145781769939e+00,1.326706085268603286e-01
-1.407624534951212647e+00,6.522024813953306577e-01
3.036008154108160273e+00,6.468786818159709684e-01
-7.426628527980739802e-01,8.807767248683199268e-01
-8.200938071049913569e-01,2.162004494537554666e-01
-4.853405491166345342e+00,8.197174910497970757e-01
9.138197451056984111e-01,1.725166815518626093e-02
5.785726205986193582e-01,-1.032134163309039288e+00
5.645797854036305186e-01,-1.848732438371919473e+00
2.526963050763059382e+00,-1.624673669511236707e+00
-3.709018779638357355e+00,2.358363067886513620e-01
2.478799303774708446e-02,1.124076127229751476e+00
3.117981786102090869e+00,-6.034046420768008900e-01
-1.370470338519152564e+00,-1.063217479984982949e+00
-8.212872545811865654e-01,1.275805499358256156e+00
-3.994417819297972461e+00,-2.764710389796005141e-01
-2.329222879531408719e+00,8.521964768200811502e-01
4.903695196663205302e-01,6.115064655420036736e-03
-1.398980883196707659e+00,-6.388493396784402645e-01
-2.692990161031767027e+00,-1.086746985590567371e+00
-4.629116811267051546e+00,-7.570386272085073420e-01
-4.297643882825616934e+00,9.535029110677636366e-01
-7.427762411201989323e+00,4.390194304076825565e-02
-3.985079322651885469e-01,-4.865082180737464318e-02
5.710451797150545294e-01,2.240539933619049018e-01
-2.700546172138488465e+00,6.745530062383734045e-03
-2.183803990768309777e+00,-2.276642327570347624e-01
-8.237054863676258165e+00,6.036775149813764507e-01
4.220565025591821673e+00,4.671485874294853957e-01
3.979726317278496683e+00,9.351480432078222715e-02
-1.204402309460725817e+01,-5.895841905351548867e-02
-5.102384925885140865e-02,1.231666422979650205e-01
-6.604873756913971938e+00,-3.938650895429524068e-02
-3.894805254484371648e+00,3.144788725243360950e-01
9.042074733844746026e-01,-2.317713796928065895e-01
8.211449338433741474e+00,6.081946963647782978e-01
-9.123856377093110537e-02,1.548818610040712251e-01
4.077597554118266299e-01,-4.143678368510802512e-01
-5.375807123199168203e+00,2.672808226640333018e-02
8.869439505689822312e+00,4.506225116319220736e-01
-4.933264841664604994e+00,1.340343651795159463e+00
8.592755665808629040e-01,-1.720219956657492721e-01
-3.780191343604418996e+00,-3.733968995451017892e-03
-7.937004891360299297e+00,-1.440297826249706814e+00
5.235018349255165404e+00,5.325305185902037275e-01
-3.294549846175022889e+00,-1.717331130723322108e+00
1.345368012171164640e+00,5.920016697125982663e-01
1.539022883899137328e+00,3.017295221154087104e-01
2.068225643525438251e+00,4.940587471055177815e-01
3.511721038849292320e+00,-1.595917230212982041e+00
9.019357726104825446e+00,-7.959815773480943824e-01
-8.228959146651337875e+00,1.141520719806597528e+00
-1.325854483610934720e+00,-4.906922786318027585e-01
8.975787985528848267e+00,1.162857130448608362e-01
-7.210840335035995530e+00,1.134736463259162775e-01
-3.903577961129883978e+00,3.674475291006508715e-01
-5.363107396433098861e-01,-2.767878239841810029e-01
-1.079549324556928092e+00,1.234950280082583118e+00
-3.424179427505258833e+00,6.332977209269652352e-02
4.505718189440796051e-01,4.216668204660621866e-01
2.816241947019984884e-02,5.990372743023154589e-01
-5.485707710061905829e+00,6.219708572496642773e-01
-5.892426576895737789e+00,-7.205935742842300984e-01
-1.285034890370295635e+01,-7.569227929994117865e-01
-8.956743475136325072e-02,-9.671414470064717758e-03
-1.487138083415605161e+00,-2.238328297124952682e-01
-4.866369525305356825e-01,-5.878049065797653627e-01
-9.196160191875484280e-01,1.047805719854636164e-01
-3.154919402091235225e-01,5.641748572919335070e-01
-3.431124585689368178e+00,1.142562622933798455e-01
-6.453264344001004460e+00,-3.371935057561784022e-01
-2.263257234924350492e+00,1.889784385894654473e-01
-5.969967984789376736e+00,1.427488427826839774e-02
1.289853800923536298e+00,-1.501994123361525546e-01
-3.912468115898569021e+00,1.142691394798599269e+00
-4.189869299822898796e+00,-1.935176242203971442e-01
-2.412745663005301466e+00,-1.621202675371484214e-01
1.608698672552871578e+00,-3.306025945916492570e-01
-4.722471945165430673e-01,4.182168385597997973e-02
2.679668635572389768e+00,1.063557533925984400e+00
7.794022944477004167e+00,-4.882749268676087051e-02
-1.814258612714107599e+00,-6.929291332041175311e-01
5.810465766308536839e-01,-1.861462671476750708e-01
-5.306417056696331791e+00,-6.524532434489724864e-01
-7.270054855950179196e+00,2.407938726380181096e-02
-6.724226289854174254e+00,-1.188585298952912483e-01
8.385187138266256834e-01,-1.137297284459021091e-01
-1.639397167820592305e+00,-6.715082746205683906e-01
-1.114096125504349777e+00,3.697816221452105978e-01
1.411420817127230776e-01,2.869932300499110633e-01
6.942980112697348716e+00,-6.908728576902057883e-01
3.830558493727481473e+00,-1.167611128168314583e+00
-4.218241581766744019e+00,-7.152215899216096684e-01
5.825133336660025307e+00,-9.912645978328875618e-01
-2.381574071103154111e+00,5.590808314643853222e-02
-4.743990019026027127e+00,8.037610877262630904e-01
2.757208776080090296e+00,8.283818445767178462e-03
5.000808085035644446e+00,1.632312171088461106e-01
3.291157275283798533e+00,2.331468756730999126e-01
2.768898391034973372e+00,-2.172492422010762481e-01
4.939247981591735837e+00,9.542807103197625818e-01
-1.238078365195849129e+00,1.101567267459869770e+00
-4.126419671466889483e+00,1.336344823417422445e+00
4.192983644482894512e+00,2.274993492737746315e-01
3.191106479868774937e-01,5.893623006586272695e-01
5.674767804541771987e+00,-4.947990988054516981e-01
5.285812589672469919e+00,1.192254505309796375e+00
7.274412996028421396e+00,-5.088230073699618883e-01
-2.023283366519736948e+00,-2.096762644989450253e-01
5.114090749785601409e-01,-7.910471809089567596e-01
-2.716346889114668706e+00,1.559994733085114382e-01
-6.671615286354688479e+00,-1.201505542069980725e+00
-2.218468188975987410e+00,7.510428946638879610e-01
-3.588508468980666777e+00,1.319844883247868639e+00
1.542410003150516788e-02,-4.763874282921192749e-01
-7.961617065441601859e+00,3.750960568166192277e-02
-1.417876223434745842e-01,6.168805441006557366e-01
-7.579193769738803432e-01,3.755727019725488280e-01
2.802627307302783422e+00,-3.319244489462919168e-01
1.965630386940064422e+00,-2.211992154427336876e-01
7.753894683360265994e+00,-1.086066478832135918e+00
-1.296062389934282133e-01,-7.344164859875026430e-01
3.086756200472227984e+00,-3.192740277528288151e-01
-3.686624325385719381e+00,1.976805316837406457e+00
2.909743166104278522e+00,2.415433752406165313e-01
-1.533206368348351223e+00,9.994014540562039528e-01
1.554204499374576942e+00,2.412776408045042842e-01
8.264113789682255018e-02,1.018981892044659388e+00
2.969959708703754586e+00,2.552232941315722425e-01
-1.581637397909390730e+00,6.874660436312073353e-01
-5.470649044890603108e+00,4.967437577138722471e-01
7.462260750977995016e+00,1.687929364616167494e+00
8.121020492215773601e-01,-8.537744706876096989e-01
3.092714495162446120e+00,1.400697516471168580e+00
2.931847490850132409e+00,1.243907755628068101e-01
-1.032080497473153891e+00,3.029906111561597171e-01
-3.962041249600109172e+00,8.681235187164620948e-01
-2.694656179153391840e-01,-2.047113560133765886e-01
5.345378623588494804e+00,-2.020973370977360850e-01
-8.207795627179647724e+00,-1.146462914454094983e+00
-3.260592280945129762e+00,8.255537426204910545e-02
2.776983513866047512e-02,-5.127340650780067843e-01
-2.937099124468435907e+00,-8.849780962908779802e-01
3.828234087447437872e+00,-9.349390940775038628e-01
-4.868307025954869971e+00,-3.232302518261462865e-01
-2.809671623346413405e+00,-1.111319688637758762e+00
1.499191377221248622e+00,-4.908406088751222640e-01
-4.954029387031141596e+00,-1.877418596781560423e-01
-2.916027999870114851e+00,4.524330056766630581e-01
2.876777521538556925e+00,7.020812260259680082e-01
2.249556679348085453e+00,5.076076664521395054e-01
-3.412953035519342704e-01,7.365678755524207588e-02
3.714803891598844054e-01,-7.086332331231410819e-01
-3.026875060697972408e+00,-4.402723810350088751e-01
5.553360572564355557e+00,-1.020420705360568281e+00
1.926907213899726967e+00,1.288177049226472803e+00
-7.382369518616682669e+00,-2.311684145652313088e-02
3.444584700272562472e+00,4.826148452988909994e-03
7.662940484835160763e-03,2.459910298190323696e-01
3.141375430582577177e+00,-1.608990378127635873e-02
3.933172364432858448e+00,-2.793732507142872024e-01
-8.318585855930815676e-01,2.129269280214761764e-02
4.130368204812610244e+00,-6.916909882540579410e-03
9.618021184057222728e-01,-6.549327698691181920e-02
3.487938267173060769e+00,-9.909673951835988870e-01
4.652482118458840965e+00,-4.904524818131757863e-02
5.029928723383844336e+00,-1.573570569269091779e+00
3.751552202961718319e+00,6.191455792707228900e-01
7.403769900193670761e-01,-5.421246757618741752e-01
-2.672194187292672996e-01,-6.201546639910247016e-01
1.131608821171042889e+00,1.645677679526683868e+00
-4.411269055231608505e+00,-1.883304697640301728e-01
-1.857670275911786906e+00,5.499353473478846288e-01
9.169978005507484653e+00,-4.318294597671170076e-01
-4.035370076538598916e+00,2.271446528929988717e-01
-2.114754406491205496e-01,1.181060554285282338e+00
-9.036051918664772531e-01,1.594322978189630646e+00
5.042647212576534699e+00,7.157661038100113782e-01
-2.730015082258339554e+00,4.902794887540492530e-01
1.092566053059093356e+01,-5.318506857743156013e-01
-5.787224050683213328e+00,2.015329072767609309e-01
-7.251238394252290220e+00,-6.860023612578699526e-01
4.034248993511798886e+00,-8.078147379261397809e-01
7.712787185313558780e+00,5.772214677264010385e-01
-2.074115737655823466e+00,-7.673013056505828544e-01
4.091079097135370546e+00,2.954893709377721667e-01
6.437825739643176171e+00,-1.030682976263288975e+00
7.096228976032723068e+00,-5.348894536715643744e-01
7.763022781335658651e-02,2.389801358896335298e-02
1.846095510136766205e+00,1.025130559034885397e-01
-6.186339524866195205e+00,7.784768910681914011e-01
-4.616823546729889038e+00,-9.770298816401731257e-01
2.542990173911827245e+00,9.241019745106242300e-02
-3.433846216234697657e+00,-1.566411786879298607e+00
-4.650837251667556682e-01,-2.021038732551249328e+00
-3.755751191463041483e+00,3.438839507288474762e-01
-5.403653419930139812e+00,9.151851282652596550e-03
-4.109452955648121630e+00,5.730994428614147873e-01
-3.123427441545050698e+00,-3.310434705659182630e-01
-1.868151499197005849e+00,-1.104879992754335544e-01
7.514057667934042506e+00,3.559068415843719690e-01
-5.314937302978762546e+00,1.374471965409414409e+00
-2.607995532219074430e+00,-6.997912817873308544e-01
7.352973360296005012e+00,8.330622515287962049e-01
-9.789512836588319666e-02,-8.991274043871629873e-01
-9.222668777917900629e-01,1.487225955656403142e+00
-3.130895127187049098e+00,-6.645194597429775474e-01
6.574181226166186942e-02,5.602500143342933336e-01
-7.142188234816161663e-02,4.957519853966868562e-01
-1.440439052889614491e+00,-4.663033425599383830e-01
2.700340114632417965e+00,4.719933377016362619e-01
-2.329779185248241902e+00,-6.471632471879384951e-02
2.656351029932253027e+00,1.187292545318443748e+00
-4.510272465783121687e-01,9.631875733529903227e-01
6.235195918886261346e+00,7.321959296142361850e-01
9.024877336686849105e+00,-1.201369161573507149e+00
1.557271390957419843e+00,9.403983431032697515e-01
8.049218173577196156e-01,-1.017947479905947361e+00
3.828798578206621173e+00,-8.082808309021034532e-01
3.108986477349764854e+00,2.988967997696042600e-01
3.188361939724316141e+00,-1.380084755411375319e+00
1.997558531500233769e+00,1.373451879658528441e+00
-7.710427047434388337e-01,-7.464992825778469232e-01
-7.381738835721353142e-01,-8.983427461900460320e-02
3.130277492304409215e+00,3.770686442789596415e-01
4.977084894227193246e+00,-8.963466610972331550e-02
5.040356819700800850e-01,-1.356440543716459501e+00
5.232480891472824247e+00,-5.699885179880374020e-01
8.352601711545305507e-01,2.216716367218415085e-01
9.635828896330178583e-01,-5.789935221815507571e-01
1.183946877706728129e+00,9.823755599905575897e-01
2.449225839308461605e+00,-6.496829571194525643e-01
-3.835849065611280029e+00,-1.567389319198430941e+00
3.428600935079253453e+00,4.283172066904843422e-01
-6.556484739931022432e+00,-3.459687413785508814e-01
4.998047660236031753e+00,6.762680454536831309e-01
-3.854067217345942264e+00,-1.061681003292008985e+00
-2.095113665530996538e+00,-1.154656837474736658e-01
1.839043296383252146e+00,6.265541772256861819e-01
-4.090149549708536725e+00,-7.528337342976380020e-01
7.490310836676229655e+00,-3.249673677498274849e-01
1.078929441185866978e+00,-2.344270341672509694e-01
7.153445411689203226e+00,1.435137601964901408e-02
-5.851097818790131022e+00,-2.158977315834683386e-01
-4.603440329841590462e+00,9.624628285029219743e-01
-1.778772787423709145e+00,-2.683163266329546270e-01
-2.440169682980537047e+00,1.673394799616041984e-01
-1.079733675376984281e-01,-1.317957097019675672e+00
8.487406726851595140e-01,-2.923013490615071208e-01
1.878439055074722974e+00,5.483749067641757735e-01
4.002100563909625208e+00,1.977087915458358158e-01
-1.467265147474664300e+00,6.754867299097438993e-01
-4.417953699109374632e+00,6.286502494431426280e-01
-3.199218032610557039e+00,-7.354075898255543198e-01
-2.217992220989593921e+00,1.270913976658774702e+00
-9.316199045762802555e+00,-3.134829274474864591e-01
-5.763764236422801446e-01,-5.272026357109552697e-01
-2.860718350910901542e+00,-7.282647799182617732e-01
-1.886228719940861387e+00,1.064059348106700220e+00
-6.435848502366772195e+00,-1.122812556534361184e+00
-1.163479543259833937e+00,-1.025580467647702054e-01
-1.344551833446634426e+00,-4.792526026433867048e-01
3.832971578648426636e+00,-5.005851165630887945e-01
1.259997846202339566e+00,-2.413367217441191731e-02
6.572672907653575036e-01,-5.130342477730474027e-01
3.983772427202187938e+00,6.778395257256595308e-01
4.764021357361351683e+00,-4.634722445927599299e-01
-1.198002954438114331e+00,-3.364377451088645943e-01
-4.222116729270771529e+00,4.413027250933313494e-01
-2.542841012197869510e+00,-4.918952402149021075e-01
8.930717798895303483e-01,5.840179750575432704e-01
2.857209693459871858e+00,2.019096740749202756e-01
-3.842965473918956043e+00,-1.725136529313004763e+00
-3.681311723933081925e+00,7.348695511316605256e-01
1.588468591175500766e+00,-1.223804179439476947e+00
1.948929882934488989e+00,6.671700787560924661e-01
-4.282093335507179965e+00,1.260782992451579210e+00
4.615677711989253140e+00,-2.165431208754794445e-01
-1.423622400955780964e+00,-5.714621691996198960e-01
-1.025098488266237284e+00,1.063544486727313054e-01
-5.429880793212965351e+00,5.218994629954176734e-01
8.602111167023247518e-01,-9.929850228623748887e-01
-4.347476064857828781e+00,1.210309310930423266e+00
-1.636965851234764679e+00,-1.359301251347028450e-01
-1.711744716011056822e+00,-2.804446359979955172e-01
7.714885329036977879e+00,8.235617812799096438e-01
3.864751000768717137e+00,-1.233312456347751995e+00
8.142699265869286052e+00,-7.713613975486689478e-01
1.680953487079615893e+00,4.308203454075425209e-02
-4.265655057679366813e+00,5.883617976592772081e-01
-9.076347979093352114e-01,-1.862207523746157722e-01
3.812773344769516015e+00,8.175825154403897344e-01
-2.852229181945106884e+00,-8.548004522557506313e-01
1.011948440047592213e+00,5.562615681249348798e-01
-4.412610316159566004e+00,8.950309557966730500e-02
1.897644269354522795e+00,-1.666764562326723820e-01
2.973985418277593773e+00,-1.882719137984518176e-01
6.735004529582098165e+00,-2.566283724852212456e-01
3.070605438481850413e+00,1.978928437377663330e-01
-4.394277581247693298e+00,-1.577566159110985078e+00
1.302739294278889792e+00,-5.807093234395475922e-02
-1.567609611561111560e+00,5.564329698905471355e-01
-2.801803874564646080e+00,8.394549998116666023e-01
-6.224592221571494832e+00,-1.444962186259956538e-01
-1.353813754783620982e-01,-4.998036121138981214e-01
-3.635121284639643680e+00,3.494200337169696136e-01
-7.075816267481219946e+00,4.370588153865360703e-01
2.592774539058805061e+00,1.153654889869146327e+00
-6.259059323311561229e+00,-5.717674122781928325e-01
5.885733810375045616e-01,-9.158106395919732856e-01
1.374159508649199246e+01,4.733024627142292662e-01
-4.996498333468265329e+00,8.529508344020990673e-01
4.589502177171587149e+00,1.013828378362869653e+00
3.022404558121522644e+00,5.475370138801579634e-01
-1.123632803380228529e+00,5.726600463092469673e-02
-4.039023334791095543e+00,4.138168107469628043e-01
6.451803934462616574e+00,8.157663780574248014e-01
-6.297079961636280920e+00,-5.486704335321173076e-01
-3.031172533247886047e+00,4.279666623674364678e-01
-3.750139276177068215e+00,-1.467823589813487262e+00
-2.450299790270239253e+00,9.038755692227214977e-01
7.294297039411549832e+00,-4.555324957981828904e-01
5.376241670896609870e-01,-7.981032818573538523e-02
-4.950581386147211993e-01,-2.875348021714754787e-01
-1.722248794673995276e+00,3.849320919387103634e-01
1.089832035242883856e+00,7.143262198046704259e-02
-4.874220961946313047e+00,8.374331252692005512e-01
-7.279663391498515601e+00,9.505238585080837410e-01
-2.998988611084071110e+00,-2.299642786816510354e-01
-4.437109545883869410e-01,-1.891830611066590839e-01
2.303948809880551174e+00,-4.012181020554330124e-01
-2.483014258726299772e+00,-2.152228503468447615e-02
-4.448294717517264907e+00,2.890765762920036730e-01
2.477493770990343069e+00,9.792384147176557141e-01
1.347457109479132598e+01,1.535078107028196304e-01
-4.933744738876520430e-01,-6.399744275381565872e-01
-7.628122075886460962e+00,-2.242197343230616924e-01
-2.650834536345889170e+00,5.390839362894844777e-01
-2.171402919931558539e+00,9.386914639045822462e-01
-2.109085869283410908e+00,-7.133995255847815908e-01
3.242572435538953357e+00,9.753135198215494572e-01
2.997263016720155715e+00,-8.160914255631098735e-01
-9.060137985264025140e-01,1.122719915677593994e+00
4.068089708079841493e+00,-1.593803034329078772e-01
7.745521058720080454e+00,6.664886833317102965e-01
-2.378635098295195593e+00,1.271929443027573159e+00
1.516847586585663210e+00,2.629189345472406347e-01
1.640848799814522474e+00,-1.434783305837069867e-01
-1.816462185001125551e+00,-1.869785228080865225e-01
1.734992774738361998e+00,1.035597170369403353e+00
1.543896094691350473e+00,5.819674784914371513e-01
3.760062665874885912e+00,-4.294662233255373551e-01
-1.611915272031544166e+00,-9.665438255477189211e-02
-3.204633695189293419e-01,-5.231128014028304518e-01
-5.479336746751649834e+00,1.470786408561854941e+00
6.145522525687415083e+00,-3.823822715715795573e-01
-9.863988720701982738e-01,2.836322042230743912e-01
4.257410846774521751e+00,1.804760181930867180e+00
-2.189881256248921382e+00,-2.062459162431568363e-02
2.411277656760741905e+00,5.873011940473498171e-01
4.050195122701970019e-01,4.945249331881389487e-01
7.657685420672379450e+00,-3.401736693211505624e-01
7.084685672692325298e+00,3.467062307718699055e-01
-1.794636344237934278e+00,-5.341895619498617798e-01
3.279655660902031311e+00,-8.870636552202902925e-01
2.865063113294356256e+00,-3.182606512324736014e-01
1.838782836919294006e+00,-2.597379746846963378e-01
4.306891052004671039e+00,2.049368729943563394e-01
5.390471017089349282e+00,1.316228712619985086e-01
-8.510175444328167416e-01,-1.119423977068118303e-01
2.172109836671382244e+00,1.209130482689660724e+00
1.643822704834769555e+00,-8.265166109032717756e-01
4.975671167670641992e+00,-7.461847018041208868e-01
4.402949424860684857e+00,-1.391465463541446290e+00
2.815596708286261407e+00,7.007296829796236803e-01
-2.897282435456823180e+00,-1.075698521683595477e+00
8.332740746823159128e+00,-1.642650989680250750e-01
-2.329934750225761686e+00,5.312424927686512088e-01
-2.102510730613387668e+00,5.575942982170334350e-01
-2.714383978729431934e+00,-7.466917437595211871e-01
3.934405434529867351e-01,-2.469327127635327288e-02
2.545831604888010080e+00,1.068560739462759202e+00
1.013712788200711312e+00,-9.211547587423525307e-01
-3.087350064298806984e+00,-5.494662600272405273e-01
2.705258002059677036e+00,-1.083503215715842405e+00
2.095882263156729486e-01,-4.936650673737485451e-01
-1.105392097133893614e+01,-5.660590319233224088e-01
4.704744380468549814e+00,-1.508630672598588462e-01
-1.330979580796667783e+00,-8.851061980804527662e-01
-1.995057356164513962e+00,-9.455080667626667434e-01
4.744812214687224028e+00,-1.163724276327552820e+00
1.959612181063462133e+00,1.534786021936382638e-01
4.018496892136461440e+00,-6.471904248509802171e-01
-1.846532572136552419e+00,8.295779264102638439e-01
-2.325541721435736342e+00,1.947956112835178999e+00
2.071675259406104086e+00,-2.798628924733808088e-01
1.327693672400866554e+00,3.451870573326237812e-01
-1.335510413868136181e+00,-2.045359611084606177e-01
-5.584462214574285710e+00,-3.669829072504848799e-02
-6.754335233767534419e+00,-3.724347887501943677e-01
9.573902604636247204e+00,3.868538885107834502e-01
-6.629590021588042115e-01,3.419552233216865411e-01
-6.026410014026692963e-01,2.294614217690454927e-01
2.659162932514597788e+00,1.380618110886800143e-01
3.959588157120579766e+00,-1.951444596126630238e-01
-3.220259306313312919e+00,-7.642038040543736033e-01
-2.344413514025708078e+00,-1.372122321751693352e+00
6.178376992421750202e+00,-5.270382392756317591e-01
1.447201302330346939e+00,4.055336057105785041e-01
-5.451553215943994779e+00,-7.645663479937843121e-01
-7.014491143742722201e+00,-2.009715179652861450e-01
4.562931852524530818e+00,-5.853415178123940743e-01
-2.653589016512845511e+00,9.705327782282198168e-01
4.704019492226521493e+00,8.297993499571270082e-01
3.584539867608103947e+00,-3.269388003496814799e-01
3.256720495995218734e+00,-7.848879576430828342e-01
1.211627833490964701e+00,7.544503639125972327e-01
6.062537689827052212e+00,-1.064093449021176863e+00
-4.622544292209139094e+00,1.096229797552361385e+00
-1.899541894564699795e+00,-9.718785460467620485e-01
4.610101903806159029e+00,-9.694369064351789911e-01
7.213806410397681113e+00,-1.248532148165440447e-01
2.027532662576699285e-01,4.887627057917143802e-01
-6.738512677750877700e+00,-4.191694093905623530e-01
7.652892804383418235e-02,-3.889614960243995001e-01
6.795886555123574979e+00,8.408790534085910373e-01
-6.755677167227862601e-01,4.364250612360274229e-01
7.189360186922210127e-01,-1.467799929397453629e-01
3.559364944603963465e+00,-1.908977339718547883e+00
8.391690717321834470e+00,-3.289081169108825087e-01
1.392994106235816876e+00,9.760930537771410620e-01
9.623192214815915690e+00,-1.502464965317843737e-01
2.649489197316024391e+00,2.552256478672965678e-01
-4.770930780471976718e+00,2.818094081846240218e-01
-5.361545119403846593e-01,1.750787851252971983e+00
-1.542417068067164054e+00,6.676304334589399682e-03
2.895952398612574363e+00,-1.709739901180310495e-01
7.007190802759862835e-01,-1.051771238498096395e+00
-6.344200137492552738e-01,-3.651294941994536192e-01
1.095604944049764384e+00,4.786996418900274497e-01
-2.357575999839409242e+00,3.426128111774840446e-01
-8.251229286343159330e+00,9.555006640156227249e-01
-7.499858539445813932e+00,1.048569857440122988e+00
-6.990779968395857136e-01,-3.169204732282383530e-01
3.959963807900627852e+00,1.491112693621437613e+00
-3.027676114147548780e+00,-2.249855457262157188e+00
-6.867192014145412138e+00,-9.358525244812250232e-01
3.244710239437643917e+00,2.362067353833855743e-01
-2.332010146112397653e+00,-1.042489677622356226e+00
-3.414097168218968581e-01,-1.005806195885645904e+00
-2.158807156427279494e+00,-2.223123418975961607e-01
7.282603822812854233e-01,-2.291081863776144867e-01
-3.602975555779742933e+00,-1.741070512002188819e-01
1.769408977571099717e+00,4.755476351997692253e-01
6.930978570937899264e+00,7.610477415086991382e-01
-6.101288970560496239e+00,-6.217573976575834216e-01
-5.789805644966004472e+00,-1.418635505212245962e-01
-6.849253968625366173e-01,1.573650253099069474e+00
-1.996397580022946983e+00,-3.916581232159960235e-02
-2.989372783584534954e+00,-1.219579901968893682e-01
4.210869315640080046e-01,-9.490736543754791921e-01
-3.135074916569427828e+00,-4.517305317783629204e-01
1.895859260618147246e+00,5.269877231729632738e-01
-2.326596287759667148e-01,3.361657468813805671e-01
-1.039305396274307514e+00,3.648733675419892908e-01
5.302499532344954858e+00,7.004254237235717218e-02
7.611615490168549547e-01,1.585565764074566175e+00
2.463123905248437495e+00,8.591545119603168912e-01
8.696892359707318221e+00,-8.907036212570370592e-01
1.453366878041514099e+00,-4.206982351451995505e-01
-2.758421260533717723e-01,5.301661886588152628e-01
-6.232404670607410990e-01,8.364344101298505363e-01
5.776528441463171681e+00,-1.124905539987415271e-01
-3.164584517482183834e+00,-5.928856969244575281e-02
8.497203858567905499e+00,1.223389159016254196e-01
4.596623388871021731e+00,-3.481319575053871684e-01
-5.484511484812127691e+00,-1.160381430238804072e-04
4.276352908573919365e+00,5.893806400689708402e-01
2.642175738056856016e+00,-9.254219185182716023e-01
4.340974847568912942e+00,-1.231063392175656634e+00
-1.433559456817926847e+00,-4.696524378230795826e-01
1.204335577753790743e+00,2.675494038987638601e-01
-6.959152587571856285e-01,1.504716955335164696e-01
-2.983474916538208177e+00,4.400015531201501712e-02
3.784893024869037781e+00,2.596503490785357360e-01
-1.890643308644475828e+00,1.573434260100031179e-01
3.220584905140846832e+00,7.520315165063642393e-01
3.830514285111515704e+00,-1.137438484562719676e+00
5.958087208320365313e+00,3.779737314090866884e-01
1.089786629909265780e+00,1.041678274448298025e-01
3.265867317378488899e+00,5.771040680352065300e-01
2.543215332202035661e+00,1.405304418297074642e+00
-1.439062484172605627e+00,-2.338381204507328226e-02
1.100418846554223151e+01,-3.844822615760370987e-01
-2.578716507610140152e+00,-8.851772741108627773e-01
-3.029815094530470709e+00,-6.753125864035033343e-01
-2.445358428778732662e+00,2.078423648452093764e-01
3.674643945903154574e+00,-8.415066916258951979e-01
-1.872357096885061800e+00,-4.237110007369449677e-02
-2.974493510299979437e+00,2.151863324684954726e-01
4.350214378975138629e+00,-1.130007794469826965e-01
-7.425092344289894619e+00,-3.751012938397165208e-01
-5.578835071153739555e+00,-1.205253153033972319e-01
-1.518503038622620593e+00,-6.063382408778780208e-01
5.075325778797243892e+00,-1.320897878467097497e+00
3.144150753755940553e+00,-2.332587839124547202e-01
5.322795113775460329e+00,-9.575806012989443450e-02
3.862955650724502199e+00,5.763377002063337917e-01
-6.514803928364751862e+00,-4.131623282629973137e-02
-1.483903289447583873e+00,9.491491488063016346e-01
-1.703376870897528983e+00,1.229931445832065234e-01
-3.523394151166459043e+00,-1.709768146989406462e-02
4.703534143850804483e+00,6.305972601141903722e-01
5.734659574830343054e+00,-5.790186305227882496e-02
-5.096092226724494800e+00,-7.651862687059191037e-01
1.405924495124446283e+00,1.896044247606896993e-01
-2.486161549690916406e+00,1.062962977408752757e-01
-6.700057751817882767e+00,3.669062008674148778e-01
-8.323560038808667016e+00,-9.817783154845353133e-01
6.990709541227261070e+00,-2.758099583241219177e-01
4.076974181914412299e+00,-1.427767487024846682e+00
5.532236132594939626e+00,-3.593078648191496555e-02
5.507799355861171087e+00,4.508019652116384557e-01
-3.504786834457473521e+00,3.598588476040813222e-01
-2.647277799215652205e+00,-9.960528129079702087e-01
4.982587828901525739e+00,-2.841491197477828967e-01
-6.234387413574200565e+00,-2.800910117951153633e-01
-5.594987259992970863e+00,1.458260374584059660e+00
5.454350505098213731e+00,-7.895202529421131710e-02
4.061011114437228509e-01,-1.101801609746485555e-01
-3.081232865741558413e+00,-5.387493522142630109e-01
-7.219576025716956558e+00,-2.205196842618127873e-01
4.229535721432053030e+00,6.426171930891318995e-01
4.645529145482631961e+00,-3.651619354959621533e-01
1.751622536571171729e+00,-1.253568604994447777e-01
1.041273792115891217e+00,2.158913236483228984e-02
9.237769839489947676e-01,2.368235600554661757e-01
1.886800518461459131e+00,-9.793137001808236430e-01
-3.170575404505725281e+00,-6.350888392349891554e-01
-9.529941370168513615e+00,-2.825157775642896385e-01
-3.100124795308499159e+00,3.662918649191361786e-01
-2.873890695216318569e+00,1.030763873214670001e+00
3.058914017188963275e+00,4.773904564159964781e-01
4.104343716376532392e+00,6.450400521940065357e-02
4.790679289598105406e+00,6.001367643240632099e-02
6.705330241603906227e-01,-1.586117531698486294e-01
-3.252048864304456721e+00,-2.926192573817381071e-01
6.518318873503644362e+00,9.700655477839877916e-01
-3.130419859241792557e-01,-7.687404814460158109e-01
-2.436228975001237806e+00,-1.395799973561354212e+00
9.231404516042701625e-01,1.146877825379398752e+00
3.809598887585110422e-02,7.509099910828904711e-01
8.712232591026343176e-01,1.146036176175399879e+00
-1.068430431284303594e+00,-4.855517686747869432e-01
-5.585891706690007119e+00,-4.085350312057644540e-01
-3.476426122269007823e+00,1.835677352703423137e-01
3.682546577123467779e-01,1.037172602622854489e+00
-9.424944477901461282e-01,1.116434672153144403e+00
-1.040920927456799561e+01,4.829224361898549200e-01
6.630177031423827749e+00,4.699206476905891661e-01
-1.997681816283557232e+00,-1.240696455576374868e+00
-8.720154367874418666e-01,-2.249962986706911527e-01
-7.468806214673925581e+00,4.145024205977333454e-01
6.174214899222345565e-01,-1.556206254503966768e+00
8.490535096432042517e-01,-1.054369859735331039e+00
-4.720493477995529652e+00,1.101032676681652722e+00
-8.890764980339481705e-01,-3.018194583109210516e-01
4.224947368682344440e+00,2.171483705106243001e-01
2.420884068875205131e+00,-1.547486540688953749e-01
5.855786802540789537e+00,-6.325258763898518044e-01
-5.255962639204939890e+00,8.670860699375787517e-01
3.997878223360910699e+00,-2.348753597856573783e-01
4.208519230889148921e-01,-7.105818074260531469e-01
9.047171692020757661e+00,-7.935097332817526716e-01
5.848397278894753804e+00,1.690015950730136551e-01
4.973266809065912675e+00,-6.519256198904255228e-01
2.772672126815836524e+00,7.594061619761784954e-01
-2.306073922264205045e+00,5.045330252327111520e-01
-4.478425296904642861e-01,-4.212516296929621484e-01
-1.565892791129540162e+00,1.115627516835313804e+00
-6.962939206736408870e+00,-2.041669547757900272e-01
-1.901285040938923698e+00,-1.325257704052367203e-01
-5.054554995285408525e-01,8.609241343132124635e-01
1.481621737571070963e+00,7.148961953360716270e-01
9.246708568689799179e+00,-5.339810347526573464e-01
7.898308258629982426e-01,3.301475442271019634e-01
-5.942477857776192529e+00,-2.645934644724995954e-01
2.825369215420368896e+00,-6.906017214543788141e-01
-4.276584072922845259e+00,7.370688844024200215e-01
-1.552800741003249829e+00,-2.604213913334180175e-01
-2.974903827823077496e+00,-1.145463489473194790e-01
-1.445523789901582923e+00,1.186395070815083747e-01
-6.370749696994145728e-01,1.698098356467726555e+00
1.267408674506834920e+00,1.169040554111593133e+00
-1.750818895059699898e+00,7.169786965181966509e-02
2.961529069835560080e+00,-3.073136855157314051e-01
5.445470742935519803e-01,2.430242121003706179e-01
